epoch,train_scaled_MSE,MAE,RMSE,sMAPE (%),epoch_seconds
1,1.021914808954224,57.90924451691764,79.36327142200501,73.71124594819746,1.527677261000008
2,0.7606076362479373,60.49613971256075,78.80649630192954,73.65798133701855,1.5315067989999989
3,0.7353285384005707,59.272705645788285,76.72705344317033,74.87714933356871,1.4960394720001204
4,0.7160860298986246,58.020883106050036,76.62939788038584,73.24767479507278,1.608100782000065
5,0.6920457129165162,52.48816513334002,73.1463805012437,72.29386968861104,1.6143472979999842
6,0.6702670580008577,52.637374914260135,74.41902296563696,72.31487187709605,1.9993594620000295
7,0.6576835344253066,54.90372077624003,76.85813821946941,75.8964572516532,1.9133328039999924
8,0.6412766099047992,51.63041375364576,72.7278709552765,74.4283307749302,1.53472276399998
9,0.6332223425973532,54.46590945380075,74.68060343763268,74.08618809956762,1.5215301510002064
10,0.6133891715566533,51.42313384555635,72.1337302650137,72.97839044834097,1.6088575890000811
