External,Seed,MAE,RMSE,sMAPE (%),Parameters,Best epoch,Epochs executed,Seconds,Feature mode
False,0,70.23929435525622,93.66651772217446,80.40042552966408,21313,5,8,13.520703824999828,No external
False,1,69.5781409274964,92.77285898493807,80.06393360452611,21313,7,10,16.530081034999967,No external
False,2,71.16748314357939,93.6428905002481,80.8633568481056,21313,5,8,13.259253499999886,No external
True,0,51.42313384555635,72.1337302650137,72.97839044834097,21953,10,10,16.363980988999856,Historical + future
True,1,47.44553890909467,67.74701929532326,65.77984807889192,21953,3,6,10.394915139999966,Historical + future
True,2,53.8735144002097,73.08673678316805,69.78407281034347,21953,7,10,16.431215336999912,Historical + future
True,0,69.3674590122132,92.15547766968696,79.5500881715067,21953,10,10,16.146841128999768,Historical only
True,1,70.77365286009652,94.1201149973247,80.91281830935787,21953,4,7,11.273055765000208,Historical only
True,2,71.34998955613091,93.81539475167196,81.0291350896056,21953,4,7,11.472247754999898,Historical only
