time_idx,prediction
43657,0.0
43658,0.0
43659,0.0
43660,0.0
43661,0.0
43662,4.1277237
43663,10.526405
43664,12.658752
43665,19.252121
43666,20.183952
43667,23.597618
43668,21.63977
43669,24.852493
43670,25.46125
43671,31.323654
43672,35.45704
43673,40.571857
43674,56.38988
43675,66.188034
43676,74.72638
43677,81.188095
43678,88.84895
43679,95.359604
43680,108.74491
43681,114.97537
43682,122.34295
43683,127.72041
43684,125.506584
43685,131.40852
43686,134.90965
43687,133.42163
43688,135.13376
43689,136.24493
43690,140.59822
43691,138.31686
43692,137.1841
43693,136.17896
43694,135.98929
43695,137.55078
43696,138.0767
43697,139.80779
43698,152.63548
43699,157.15863
43700,155.73035
43701,153.2557
43702,153.56868
43703,153.18945
43704,150.84172
43705,137.6305
43706,132.11934
43707,128.20357
43708,125.6563
43709,124.03777
43710,127.56642
43711,128.63568
43712,129.0423
43713,126.18663
43714,123.06387
43715,121.13346
43716,114.38747
43717,113.424095
43718,110.2996
43719,111.251205
43720,115.491486
43721,120.56711
43722,125.04248
43723,131.42422
43724,142.85843
43725,146.63107
43726,145.75389
43727,149.12468
43728,142.92683
43729,135.39247
43730,125.87946
43731,117.02826
43732,110.515495
43733,106.855446
43734,101.250404
43735,94.746765
43736,92.4497
43737,91.149506
43738,86.28623
43739,69.45418
43740,64.51544
43741,66.564156
43742,57.26141
43743,53.72111
43744,46.065834
43745,43.31293
43746,44.017838
43747,42.18716
43748,44.891674
43749,60.98356
43750,67.36473
43751,76.91087
43752,86.998535
43753,95.94784
43754,107.171425
43755,111.79487
43756,119.03052
43757,119.008896
43758,113.80956
43759,106.25234
43760,105.714035
43761,106.13469
43762,106.99103
43763,94.99185
43764,93.76174
43765,96.00098
43766,92.41487
43767,91.14568
43768,91.33355
43769,91.05956
43770,93.50606
43771,109.079094
43772,119.190414
43773,131.00668
43774,130.00833
43775,133.12918
43776,132.76486
43777,132.35944
43778,132.44551
43779,136.29861
43780,134.4693
43781,141.23068
43782,139.9295
43783,140.41429
43784,156.13231
43785,153.24892
43786,152.45386
43787,146.78452
43788,136.09216
43789,125.492134
43790,118.830666
43791,115.892914
43792,116.27613
43793,119.25135
43794,122.38701
43795,121.18129
43796,115.10138
43797,103.868576
43798,94.52452
43799,74.45893
43800,69.143425
43801,71.95094
43802,66.39899
43803,58.23892
43804,47.40673
43805,35.154736
43806,23.929665
43807,13.814323
43808,9.450912
43809,0.0
43810,0.0
43811,0.0
43812,0.0
43813,0.0
43814,0.0
43815,0.0
43816,0.0
43817,0.0
43818,0.0
43819,0.0
43820,0.0
43821,0.0
43822,0.0
43823,0.0
43824,0.0
